2017年,,2018年,,2019年,,2020年,
名称,月日,名称,月日,名称,月日,名称,月日
元日,2017/1/1,元日,2018/1/1,元日,2019/1/1,元日,2020/1/1
成人の日,2017/1/9,成人の日,2018/1/8,成人の日,2019/1/14,成人の日,2020/1/13
建国記念の日,2017/2/11,建国記念の日,2018/2/11,建国記念の日,2019/2/11,建国記念の日,2020/2/11
春分の日,2017/3/20,春分の日,2018/3/21,春分の日,2019/3/21,天皇誕生日,2020/2/23
昭和の日,2017/4/29,昭和の日,2018/4/29,昭和の日,2019/4/29,春分の日,2020/3/20
憲法記念日,2017/5/3,憲法記念日,2018/5/3,憲法記念日,2019/5/3,昭和の日,2020/4/29
みどりの日,2017/5/4,みどりの日,2018/5/4,みどりの日,2019/5/4,憲法記念日,2020/5/3
こどもの日,2017/5/5,こどもの日,2018/5/5,こどもの日,2019/5/5,みどりの日,2020/5/4
海の日,2017/7/17,海の日,2018/7/16,海の日,2019/7/15,こどもの日,2020/5/5
山の日,2017/8/11,山の日,2018/8/11,山の日,2019/8/11,海の日,2020/7/23
敬老の日,2017/9/18,敬老の日,2018/9/17,敬老の日,2019/9/16,スポーツの日,2020/7/24
秋分の日,2017/9/23,秋分の日,2018/9/23,秋分の日,2019/9/23,山の日,2020/8/10
体育の日,2017/10/9,体育の日,2018/10/8,体育の日（スポーツの日）,2019/10/14,敬老の日,2020/9/21
文化の日,2017/11/3,文化の日,2018/11/3,休日（祝日扱い）,2019/10/22,秋分の日,2020/9/22
勤労感謝の日,2017/11/23,勤労感謝の日,2018/11/23,文化の日,2019/11/3,文化の日,2020/11/3
天皇誕生日,2017/12/23,天皇誕生日,2018/12/23,勤労感謝の日,2019/11/23,勤労感謝の日,2020/11/23
,,,,,,,
月日は表示するアプリケーションによって形式が異なる場合があります。,,,,,,,